id,from_id,likes,text
245,224681507,0,123
234,432019281,4,–ö–æ–≥–¥–∞ –±—É–¥–µ—Ç —Ç—É—Ä–Ω–∏—Ä –ø–æ Clash Royale?
234,405233033,4,–ö–æ–≥–¥–∞ –±—É–¥–µ—Ç —Ç—É—Ä–Ω–∏—Ä –ø–æ –∫–æ—Å—ã–Ω–∫–µ?
234,206458372,3,–≤–æ—Ç –±—ã –±–∏–ª–∞ —Ç—É—Ä–Ω–∏—Ä –ø–æ –±—Ä–∞–ª —Å—Ç–∞—Ä—Ç—Å
234,335668836,1,–≤—Å—Ç—É–ø–ª—é –≤ —Å–∏–ª—å–Ω—ã–π –∫–ª–∞–Ω –≤ Clash Royale
228,283841494,0,–ï—Ç–æ —è!!!üò±üò±üò±
214,586134563,13,"–ü–∞—à–∞ –ª—É—á—à–∏–π, –Ω–µ —Å–æ–º–Ω–µ–≤–∞–ª—Å—è!!!!"
210,6303325,1,–û–≥–æ–Ω—å! üòä
191,176509188,0,–û —ç—Ç–æ —è
191,283841494,5,"–ú–∞—Ç–µ–º–∞—Ç–∏–∫–∏ –Ω–µ —Ç–∞–∫ –º–Ω–æ–≥–æ, –Ω–æ –ø–æ—Å–ª–µ –Ω–µ–µ –æ—Ç—á–∏—Å–ª—è–µ—Ç—Å—è –ø–æ–ª–æ–≤–∏–Ω–∞ –≥—Ä—É–ø–ø—ã –Ω–∞ –ø–µ—Ä–≤–æ–º –∫—É—Ä—Å–µü§î"
191,329414568,24,"–õ—É—á—à–µ–µ –Ω–∞–ø—Ä–∞–≤–ª–µ–Ω–∏–µ –≤ –≥–∞–ª–∞–∫—Ç–∏–∫–µ. 

–Ø –∑–∞ –æ–¥–∏–Ω –≥–æ–¥ —Å–¥–µ–ª–∞–ª –±–æ–ª—å—à–µ, —á–µ–º –∑–∞ 19 –ª–µ—Ç –∂–∏–∑–Ω–∏. –ò –æ–∫–Ω–∞ —Å—Ç–∞–≤–∏–ª; –∏ –≤ —á–µ–º–ø–∏–æ–Ω–∞—Ç–µ –ø–æ –Ω–∞–ø–∏—Å–∞–Ω–∏—é –∫–æ–Ω—Å–ø–µ–∫—Ç–æ–≤ –ø–æ –ë–ñ–î –Ω–∞ —Å–∫–æ—Ä–æ—Å—Ç—å –ø–µ—Ä–≤–æ–µ –º–µ—Å—Ç–æ –∑–∞–Ω—è–ª; –∏ –≤—ã—É—á–∏–ª —è–∑—ã–∫–æ–≤ –±–æ–ª—å—à–µ, —á–µ–º —Ç–µ —Ä–µ–±—è—Ç–∞, –∫–æ—Ç–æ—Ä—ã–µ –Ω–∞ –ª–∏–Ω–≥–≤–∏—Å—Ç–æ–≤ –ø–æ—à–ª–∏; —Å–¥–µ–ª–∞–ª —Å–≤–æ—é –∏–≥—Ä—É –ø—Ä–æ –î–í–§–£; –æ—Ç–∫—Ä—ã–ª —Å–≤–æ—ë –ø—Ä–µ–¥–ø—Ä–∏—è—Ç–∏–µ; –∑–∞–∫—Ä—ã–ª —Å–≤–æ—ë –ø—Ä–µ–¥–ø—Ä–∏—è—Ç–∏–µ. 

–ê –µ—â—ë –ª–æ–ª, –Ω—É, –ü—Ä–∏–∫–ª–∞–¥–Ω–∞—è –ò–Ω—Ñ–æ—Ä–º–∞—Ç–∏–∫–∞ –≤ –£–ø—Ä–∞–≤–ª–µ–Ω–∏–∏ —Å–æ–∫—Ä–∞—â—ë–Ω–Ω–æ - –ü–ò–£ üî´, –ø–æ-–º–æ–µ–º—É, —ç—Ç–æ —Å–∏–ª—å–Ω–µ–π—à–∏–π –∞—Ä–≥—É–º–µ–Ω—Ç.

–í –æ–±—â–µ–º, —Ç—É—Ç –≤–µ—Å–µ–ª–æ. –¢–æ–ª—å–∫–æ —Å–Ω–∞—á–∞–ª–∞ –º–∞—Ç–∞–Ω–∞–ª–∏–∑ –∑–∞–∫–æ–Ω—á–∏—Ç—Å—è, –∞ –ø–æ—Ç–æ–º –∫–∞–π—Ñ–∞—Ä–∏–∫."
165,145662921,8,–ò–°–ò–¢ - –æ–≥–æ–Ω—åüî•üíó
165,317384613,7,–ò–°–ò–¢ - –æ–≥–æ–Ω—åüî•üñ§
165,649598897,6,–ò–°–ò–¢ -–æ–≥–æ–Ω—åüî•üíô
165,427059695,8,–ò–°–ò–¢- –æ–≥–æ–Ω—å üî•üíú
165,213261798,7,–ò–°–ò–¢ –≤ —Å–µ—Ä–¥–µ—á–∫–µ‚ù§
165,303156488,6,–ò–°–ò–¢ - –æ–≥–æ–Ω—åüî•üíõ
162,145662921,9,–ò–°–ò–¢ - –æ–≥–æ–Ω—å üî•
162,317384613,9,–ò–°–ò–¢ - –æ–≥–æ–Ω—å üî•üñ§
162,539372049,7,–ò–°–ò–¢ - –ª—É—á—à–∏–π –≤—É–∑
162,7660555,6,–ò–°–ò–¢ - –æ–≥–æ–Ω—å üî•
162,521060984,6,–ò–°–ò–¢ –∑–¥–µ—Å—å
162,521060984,6,–ò–°–ò–¢ - –æ–∂–æ–Ω—å
162,649598897,5,–ò–°–ò–¢ - –æ–≥–æ–Ω—å üî•‚ô•Ô∏è
162,300468923,6,–ò–°–ò–¢ - –ø—É—à—å–∫–∞üëç
162,213851167,5,–ò–°–ò–¢ - –æ–≥–æ–Ω—å üî•
162,482410420,6,–ò–°–ò–¢ –ª—É—á—à–∏–π ‚ù§Ô∏è‚Äçüî•
126,6303325,3,–°–¥–µ–ª–∞–Ω–æ –≤ –ò–ú–ö–¢
126,383446997,3,–õ—É—á—à–∏–µ! –î–µ–ª–∞–µ—Ç–µ –Ω–∞—à –≤—É–∑ –∏ –∏—Å—Ç–∏—Ç—É—Ç –ª—É—á—à–µ!
108,224681507,0,–≥–æ —Ç—É—Ä–∏–∫ –ø–æ hl2 dm :)
108,247227509,0,–ù–∞–¥–æ –ø—Ä–∏—Ö–æ–¥–∏—Ç—å —Å–æ —Å–≤–æ–µ–π –∫–æ–º–∞–Ω–¥–æ–π –∏–ª–∏ —Ç–∞–º –±—É–¥–µ—Ç —Å–æ–±–∏—Ä–∞—Ç—å—Å—è —Ä–∞–Ω–¥–æ–º–Ω—ã–π —Å—Ç–∞–∫
108,554945804,0,–©–∞ –±—ã —Ç—É—Ä–Ω–∏—Ä—ã –ø–æ –º–µ—Ä—Ç–≤—ã–º –∏–≥—Ä–∞–º —É—Å—Ç—Ä–∞–∏–≤–∞—Ç—å
108,150609591,0,"–ê –∫–∞–∫–∏–µ —Å—É—Ä—Å-–ø–æ—Ä—Ç—ã –¥–ª—è —Ç–µ—Ö –∏–ª–∏ –∏–Ω—ã—Ö –∏–≥—Ä? –£ Q3 –∏ Q2 —Å–æ–æ—Ç–≤–µ—Ç—Å—Ç–≤–µ–Ω–Ω–æ –µ—Å—Ç—å –ø–æ –Ω–µ—Å–∫–æ–ª—å–∫–æ –ø–æ—Ä—Ç–æ–≤ –¥–ª—è —Ä–∞–∑–Ω—ã—Ö –ø–ª–∞—Ç—Ñ–æ—Ä–º, —Å–æ —Å–≤–æ–∏–º–∏ —Ñ–∏—á–∞–º–∏"
97,6303325,2,–°–¥–µ–ª–∞–Ω–æ –≤ –ò–ú–ö–¢. imctech.ru
97,222647121,3,"–ù—É –∏ –∫–æ–Ω–µ—á–Ω–æ, —Å–ø–∞—Å–∏–±–æ —Ñ–æ—Ç–æ–≥—Ä–∞—Ñ–∞–ºüòâ"
97,318633657,0,"–ê —á–µ, —É–∂–µ –∑–∞–∫–æ–Ω—á–∏–ª–æ—Å—å ? üòπ"
91,6303325,3,"–°–¥–µ–ª–∞–Ω–æ –≤ –ò–ú–ö–¢, –ø—Ä–∏–¥—É–º–∞–Ω–æ –≤ –í–ò-–®–†–ú–ò üòâ"
85,6303325,5,–°–¥–µ–ª–∞–Ω–æ –≤ –ò–ú–ö–¢
85,6303325,2,–ë—ã–ª–æ –æ—á–µ–Ω—å –∫—Ä—É—Ç–æ! üòä
83,6303325,0,"–ù–µ —Å—Ç–µ—Å–Ω—è–π—Ç–µ—Å—å —Å–ø—Ä–∞—à–∏–≤–∞—Ç—å, —á—Ç–æ —ç—Ç–æ –∑–∞ —à—Ç—É–∫–∞ —Ç–∞–∫–∞—è ü§ó"
83,6303325,1,–°–¥–µ–ª–∞–Ω–æ –≤ –ò–ú–ö–¢
74,180190869,2,"–î—Ä—É–∑—å—è, —Å–ø–∞—Å–∏–±–æ –∑–∞ –≤–∞—à—É –∞–∫—Ç–∏–≤–Ω–æ—Å—Ç—å! –†–µ–≥–∏—Å—Ç—Ä–∞—Ü–∏—è –Ω–∞ —Ç—Ä–µ–∫–∏ –ü—Ä–æ–≥—Ä–∞–º–º–∏—Ä–æ–≤–∞–Ω–∏–µ –∏ –ì–µ–π–º–¥–∏–∑–∞–π–Ω –∑–∞–≤–µ—Ä—à–µ–Ω–∞. –£—Å–ø–µ–π—Ç–µ –ø–æ–¥–∞—Ç—å –∑–∞—è–≤–∫–∏ –Ω–∞ –ò–≥—Ä–æ–≤–æ–π –∞—Ä—Ç —Å–µ–≥–æ–¥–Ω—è –¥–æ 23.59üëæ"
66,6303325,5,–°–¥–µ–ª–∞–Ω–æ –≤ –ò–ú–ö–¢
17,567222532,0,–ü–æ–ø—Ä–∞–≤–∫–∞ –≤ –ø—É–Ω–∫—Ç–µ –ø—Ä–æ —Ä–∞–±–æ—Ç—É –º–µ–¥–ø—É–Ω–∫—Ç–∞. –ú–æ–∂–µ—Ç–µ —Å–µ–≥–æ–¥–Ω—è —É–∂–µ –Ω–µ –ø—Ä–∏—Ö–æ–¥–∏—Ç—å. –ù–∏ –æ–¥–∏–Ω –∏–∑ –∫–∞–±–∏–Ω–µ—Ç–æ–≤ –¥–ª—è –≤–∞–∫—Ü–∏–Ω–∞—Ü–∏–∏ –Ω–µ —Ä–∞–±–æ—Ç–∞–µ—Ç
12,453334071,11,–¢–∞ –∑–∞ —à–æ
